
SET IDENTITY_INSERT controlAcceso.Rol ON

INSERT INTO controlAcceso.Rol (rolID, objectID, nombre, estado) VALUES (1,'1267114f-7a70-40d0-81c1-f96f85d55e10','SO - Despacho',1);
INSERT INTO controlAcceso.Rol (rolID, objectID, nombre, estado) VALUES (2,'073e65e9-59b0-40ea-8e2c-13ab0d19f55b','SO - Redespacho',1);
INSERT INTO controlAcceso.Rol (rolID, objectID, nombre, estado) VALUES (3,'0d242856-6918-434d-b505-c11a9c136be6','SO - DespachoAdmin',1);
INSERT INTO controlAcceso.Rol (rolID, objectID, nombre, estado) VALUES (4,'dcc39a7d-55da-4911-bf67-4650b97f0857','SO - RedespachoAdmin',1);
INSERT INTO controlAcceso.Rol (rolID, objectID, nombre, estado) VALUES (5,'f6054343-aea6-4210-924e-76fe3e44e4cf','SO - DespachoConsulta',1);
INSERT INTO controlAcceso.Rol (rolID, objectID, nombre, estado) VALUES (6,'898a8ecb-44d4-4c78-ab36-ddacb98d8031','SO - RedespachoConsulta',1);

SET IDENTITY_INSERT controlAcceso.Rol OFF

SET IDENTITY_INSERT controlAcceso.Permiso ON

INSERT INTO controlAcceso.Permiso (permisoID, nombre, codigo, estado) VALUES (1,'CASO_CREAR','001',1);
INSERT INTO controlAcceso.Permiso (permisoID, nombre, codigo, estado) VALUES (2,'CASO_VER','002',1);
INSERT INTO controlAcceso.Permiso (permisoID, nombre, codigo, estado) VALUES (3,'CASO_ELIMINAR','003',1);
INSERT INTO controlAcceso.Permiso (permisoID, nombre, codigo, estado) VALUES (4,'UNIDAD_VER','004',1);
INSERT INTO controlAcceso.Permiso (permisoID, nombre, codigo, estado) VALUES (5,'UNIDAD_MODIFICAR','005',1);
INSERT INTO controlAcceso.Permiso (permisoID, nombre, codigo, estado) VALUES (6,'PLANTA_VER','006',1);
INSERT INTO controlAcceso.Permiso (permisoID, nombre, codigo, estado) VALUES (7,'PLANTA_MODIFICAR','007',1);
INSERT INTO controlAcceso.Permiso (permisoID, nombre, codigo, estado) VALUES (8,'BARRA_VER','008',1);
INSERT INTO controlAcceso.Permiso (permisoID, nombre, codigo, estado) VALUES (9,'BARRA_MODIFICAR','009',1);
INSERT INTO controlAcceso.Permiso (permisoID, nombre, codigo, estado) VALUES (10,'SUBAREA_VER','010',1);
INSERT INTO controlAcceso.Permiso (permisoID, nombre, codigo, estado) VALUES (11,'SUBAREA_MODIFICAR','011',1);
INSERT INTO controlAcceso.Permiso (permisoID, nombre, codigo, estado) VALUES (12,'AREA_VER','012',1);
INSERT INTO controlAcceso.Permiso (permisoID, nombre, codigo, estado) VALUES (13,'AREA_MODIFICAR','013',1);
INSERT INTO controlAcceso.Permiso (permisoID, nombre, codigo, estado) VALUES (14,'CONDICIONES_INICIALES_VER','014',1);
INSERT INTO controlAcceso.Permiso (permisoID, nombre, codigo, estado) VALUES (15,'CONDICIONES_INICIALES_MODIFICAR','015',1);
INSERT INTO controlAcceso.Permiso (permisoID, nombre, codigo, estado) VALUES (16,'ZONA_SEGURIDAD_VER','016',1);
INSERT INTO controlAcceso.Permiso (permisoID, nombre, codigo, estado) VALUES (17,'ZONA_SEGURIDAD_MODIFICAR','017',1);
INSERT INTO controlAcceso.Permiso (permisoID, nombre, codigo, estado) VALUES (18,'ADMINISTRACION_AGC_VER','018',1);
INSERT INTO controlAcceso.Permiso (permisoID, nombre, codigo, estado) VALUES (19,'ADMINISTRACION_AGC_MODIFICAR','019',1);

SET IDENTITY_INSERT controlAcceso.Permiso OFF

SET IDENTITY_INSERT controlAcceso.RolPermiso ON

INSERT INTO controlAcceso.RolPermiso (rolPermisoID, rolID, permisoID, fechaInicio, fechaFinal) VALUES (1,1,1,SYSDATETIMEOFFSET()  AT TIME ZONE 'SA Pacific Standard Time',null);
INSERT INTO controlAcceso.RolPermiso (rolPermisoID, rolID, permisoID, fechaInicio, fechaFinal) VALUES (2,1,2,SYSDATETIMEOFFSET()  AT TIME ZONE 'SA Pacific Standard Time',null);
INSERT INTO controlAcceso.RolPermiso (rolPermisoID, rolID, permisoID, fechaInicio, fechaFinal) VALUES (3,1,3,SYSDATETIMEOFFSET()  AT TIME ZONE 'SA Pacific Standard Time',null);
INSERT INTO controlAcceso.RolPermiso (rolPermisoID, rolID, permisoID, fechaInicio, fechaFinal) VALUES (4,1,4,SYSDATETIMEOFFSET()  AT TIME ZONE 'SA Pacific Standard Time',null);
INSERT INTO controlAcceso.RolPermiso (rolPermisoID, rolID, permisoID, fechaInicio, fechaFinal) VALUES (5,1,5,SYSDATETIMEOFFSET()  AT TIME ZONE 'SA Pacific Standard Time',null);
INSERT INTO controlAcceso.RolPermiso (rolPermisoID, rolID, permisoID, fechaInicio, fechaFinal) VALUES (6,1,6,SYSDATETIMEOFFSET()  AT TIME ZONE 'SA Pacific Standard Time',null);
INSERT INTO controlAcceso.RolPermiso (rolPermisoID, rolID, permisoID, fechaInicio, fechaFinal) VALUES (7,1,7,SYSDATETIMEOFFSET()  AT TIME ZONE 'SA Pacific Standard Time',null);
INSERT INTO controlAcceso.RolPermiso (rolPermisoID, rolID, permisoID, fechaInicio, fechaFinal) VALUES (8,1,8,SYSDATETIMEOFFSET()  AT TIME ZONE 'SA Pacific Standard Time',null);
INSERT INTO controlAcceso.RolPermiso (rolPermisoID, rolID, permisoID, fechaInicio, fechaFinal) VALUES (9,1,9,SYSDATETIMEOFFSET()  AT TIME ZONE 'SA Pacific Standard Time',null);
INSERT INTO controlAcceso.RolPermiso (rolPermisoID, rolID, permisoID, fechaInicio, fechaFinal) VALUES (10,1,10,SYSDATETIMEOFFSET()  AT TIME ZONE 'SA Pacific Standard Time',null);
INSERT INTO controlAcceso.RolPermiso (rolPermisoID, rolID, permisoID, fechaInicio, fechaFinal) VALUES (11,1,11,SYSDATETIMEOFFSET()  AT TIME ZONE 'SA Pacific Standard Time',null);
INSERT INTO controlAcceso.RolPermiso (rolPermisoID, rolID, permisoID, fechaInicio, fechaFinal) VALUES (12,1,12,SYSDATETIMEOFFSET()  AT TIME ZONE 'SA Pacific Standard Time',null);
INSERT INTO controlAcceso.RolPermiso (rolPermisoID, rolID, permisoID, fechaInicio, fechaFinal) VALUES (13,1,13,SYSDATETIMEOFFSET()  AT TIME ZONE 'SA Pacific Standard Time',null);
INSERT INTO controlAcceso.RolPermiso (rolPermisoID, rolID, permisoID, fechaInicio, fechaFinal) VALUES (14,1,14,SYSDATETIMEOFFSET()  AT TIME ZONE 'SA Pacific Standard Time',null);
INSERT INTO controlAcceso.RolPermiso (rolPermisoID, rolID, permisoID, fechaInicio, fechaFinal) VALUES (15,1,15,SYSDATETIMEOFFSET()  AT TIME ZONE 'SA Pacific Standard Time',null);
INSERT INTO controlAcceso.RolPermiso (rolPermisoID, rolID, permisoID, fechaInicio, fechaFinal) VALUES (16,1,16,SYSDATETIMEOFFSET()  AT TIME ZONE 'SA Pacific Standard Time',null);
INSERT INTO controlAcceso.RolPermiso (rolPermisoID, rolID, permisoID, fechaInicio, fechaFinal) VALUES (17,1,17,SYSDATETIMEOFFSET()  AT TIME ZONE 'SA Pacific Standard Time',null);
INSERT INTO controlAcceso.RolPermiso (rolPermisoID, rolID, permisoID, fechaInicio, fechaFinal) VALUES (18,1,18,SYSDATETIMEOFFSET()  AT TIME ZONE 'SA Pacific Standard Time',null);
INSERT INTO controlAcceso.RolPermiso (rolPermisoID, rolID, permisoID, fechaInicio, fechaFinal) VALUES (19,1,19,SYSDATETIMEOFFSET()  AT TIME ZONE 'SA Pacific Standard Time',null);

INSERT INTO controlAcceso.RolPermiso (rolPermisoID, rolID, permisoID, fechaInicio, fechaFinal) VALUES (20,2,1,SYSDATETIMEOFFSET()  AT TIME ZONE 'SA Pacific Standard Time',null);
INSERT INTO controlAcceso.RolPermiso (rolPermisoID, rolID, permisoID, fechaInicio, fechaFinal) VALUES (21,2,2,SYSDATETIMEOFFSET()  AT TIME ZONE 'SA Pacific Standard Time',null);
INSERT INTO controlAcceso.RolPermiso (rolPermisoID, rolID, permisoID, fechaInicio, fechaFinal) VALUES (22,2,3,SYSDATETIMEOFFSET()  AT TIME ZONE 'SA Pacific Standard Time',null);
INSERT INTO controlAcceso.RolPermiso (rolPermisoID, rolID, permisoID, fechaInicio, fechaFinal) VALUES (23,2,4,SYSDATETIMEOFFSET()  AT TIME ZONE 'SA Pacific Standard Time',null);
INSERT INTO controlAcceso.RolPermiso (rolPermisoID, rolID, permisoID, fechaInicio, fechaFinal) VALUES (24,2,5,SYSDATETIMEOFFSET()  AT TIME ZONE 'SA Pacific Standard Time',null);
INSERT INTO controlAcceso.RolPermiso (rolPermisoID, rolID, permisoID, fechaInicio, fechaFinal) VALUES (25,2,6,SYSDATETIMEOFFSET()  AT TIME ZONE 'SA Pacific Standard Time',null);
INSERT INTO controlAcceso.RolPermiso (rolPermisoID, rolID, permisoID, fechaInicio, fechaFinal) VALUES (26,2,7,SYSDATETIMEOFFSET()  AT TIME ZONE 'SA Pacific Standard Time',null);
INSERT INTO controlAcceso.RolPermiso (rolPermisoID, rolID, permisoID, fechaInicio, fechaFinal) VALUES (27,2,8,SYSDATETIMEOFFSET()  AT TIME ZONE 'SA Pacific Standard Time',null);
INSERT INTO controlAcceso.RolPermiso (rolPermisoID, rolID, permisoID, fechaInicio, fechaFinal) VALUES (28,2,9,SYSDATETIMEOFFSET()  AT TIME ZONE 'SA Pacific Standard Time',null);
INSERT INTO controlAcceso.RolPermiso (rolPermisoID, rolID, permisoID, fechaInicio, fechaFinal) VALUES (29,2,10,SYSDATETIMEOFFSET()  AT TIME ZONE 'SA Pacific Standard Time',null);
INSERT INTO controlAcceso.RolPermiso (rolPermisoID, rolID, permisoID, fechaInicio, fechaFinal) VALUES (30,2,11,SYSDATETIMEOFFSET()  AT TIME ZONE 'SA Pacific Standard Time',null);
INSERT INTO controlAcceso.RolPermiso (rolPermisoID, rolID, permisoID, fechaInicio, fechaFinal) VALUES (31,2,12,SYSDATETIMEOFFSET()  AT TIME ZONE 'SA Pacific Standard Time',null);
INSERT INTO controlAcceso.RolPermiso (rolPermisoID, rolID, permisoID, fechaInicio, fechaFinal) VALUES (32,2,13,SYSDATETIMEOFFSET()  AT TIME ZONE 'SA Pacific Standard Time',null);
INSERT INTO controlAcceso.RolPermiso (rolPermisoID, rolID, permisoID, fechaInicio, fechaFinal) VALUES (33,2,14,SYSDATETIMEOFFSET()  AT TIME ZONE 'SA Pacific Standard Time',null);
INSERT INTO controlAcceso.RolPermiso (rolPermisoID, rolID, permisoID, fechaInicio, fechaFinal) VALUES (34,2,15,SYSDATETIMEOFFSET()  AT TIME ZONE 'SA Pacific Standard Time',null);
INSERT INTO controlAcceso.RolPermiso (rolPermisoID, rolID, permisoID, fechaInicio, fechaFinal) VALUES (35,2,16,SYSDATETIMEOFFSET()  AT TIME ZONE 'SA Pacific Standard Time',null);
INSERT INTO controlAcceso.RolPermiso (rolPermisoID, rolID, permisoID, fechaInicio, fechaFinal) VALUES (36,2,17,SYSDATETIMEOFFSET()  AT TIME ZONE 'SA Pacific Standard Time',null);
INSERT INTO controlAcceso.RolPermiso (rolPermisoID, rolID, permisoID, fechaInicio, fechaFinal) VALUES (37,2,18,SYSDATETIMEOFFSET()  AT TIME ZONE 'SA Pacific Standard Time',null);
INSERT INTO controlAcceso.RolPermiso (rolPermisoID, rolID, permisoID, fechaInicio, fechaFinal) VALUES (38,2,19,SYSDATETIMEOFFSET()  AT TIME ZONE 'SA Pacific Standard Time',null);

INSERT INTO controlAcceso.RolPermiso (rolPermisoID, rolID, permisoID, fechaInicio, fechaFinal) VALUES (39,3,1,SYSDATETIMEOFFSET()  AT TIME ZONE 'SA Pacific Standard Time',null);
INSERT INTO controlAcceso.RolPermiso (rolPermisoID, rolID, permisoID, fechaInicio, fechaFinal) VALUES (40,3,2,SYSDATETIMEOFFSET()  AT TIME ZONE 'SA Pacific Standard Time',null);
INSERT INTO controlAcceso.RolPermiso (rolPermisoID, rolID, permisoID, fechaInicio, fechaFinal) VALUES (41,3,3,SYSDATETIMEOFFSET()  AT TIME ZONE 'SA Pacific Standard Time',null);
INSERT INTO controlAcceso.RolPermiso (rolPermisoID, rolID, permisoID, fechaInicio, fechaFinal) VALUES (42,3,4,SYSDATETIMEOFFSET()  AT TIME ZONE 'SA Pacific Standard Time',null);
INSERT INTO controlAcceso.RolPermiso (rolPermisoID, rolID, permisoID, fechaInicio, fechaFinal) VALUES (43,3,5,SYSDATETIMEOFFSET()  AT TIME ZONE 'SA Pacific Standard Time',null);
INSERT INTO controlAcceso.RolPermiso (rolPermisoID, rolID, permisoID, fechaInicio, fechaFinal) VALUES (44,3,6,SYSDATETIMEOFFSET()  AT TIME ZONE 'SA Pacific Standard Time',null);
INSERT INTO controlAcceso.RolPermiso (rolPermisoID, rolID, permisoID, fechaInicio, fechaFinal) VALUES (45,3,7,SYSDATETIMEOFFSET()  AT TIME ZONE 'SA Pacific Standard Time',null);
INSERT INTO controlAcceso.RolPermiso (rolPermisoID, rolID, permisoID, fechaInicio, fechaFinal) VALUES (46,3,8,SYSDATETIMEOFFSET()  AT TIME ZONE 'SA Pacific Standard Time',null);
INSERT INTO controlAcceso.RolPermiso (rolPermisoID, rolID, permisoID, fechaInicio, fechaFinal) VALUES (47,3,9,SYSDATETIMEOFFSET()  AT TIME ZONE 'SA Pacific Standard Time',null);
INSERT INTO controlAcceso.RolPermiso (rolPermisoID, rolID, permisoID, fechaInicio, fechaFinal) VALUES (48,3,10,SYSDATETIMEOFFSET()  AT TIME ZONE 'SA Pacific Standard Time',null);
INSERT INTO controlAcceso.RolPermiso (rolPermisoID, rolID, permisoID, fechaInicio, fechaFinal) VALUES (49,3,11,SYSDATETIMEOFFSET()  AT TIME ZONE 'SA Pacific Standard Time',null);
INSERT INTO controlAcceso.RolPermiso (rolPermisoID, rolID, permisoID, fechaInicio, fechaFinal) VALUES (50,3,12,SYSDATETIMEOFFSET()  AT TIME ZONE 'SA Pacific Standard Time',null);
INSERT INTO controlAcceso.RolPermiso (rolPermisoID, rolID, permisoID, fechaInicio, fechaFinal) VALUES (51,3,13,SYSDATETIMEOFFSET()  AT TIME ZONE 'SA Pacific Standard Time',null);
INSERT INTO controlAcceso.RolPermiso (rolPermisoID, rolID, permisoID, fechaInicio, fechaFinal) VALUES (52,3,14,SYSDATETIMEOFFSET()  AT TIME ZONE 'SA Pacific Standard Time',null);
INSERT INTO controlAcceso.RolPermiso (rolPermisoID, rolID, permisoID, fechaInicio, fechaFinal) VALUES (53,3,15,SYSDATETIMEOFFSET()  AT TIME ZONE 'SA Pacific Standard Time',null);
INSERT INTO controlAcceso.RolPermiso (rolPermisoID, rolID, permisoID, fechaInicio, fechaFinal) VALUES (54,3,16,SYSDATETIMEOFFSET()  AT TIME ZONE 'SA Pacific Standard Time',null);
INSERT INTO controlAcceso.RolPermiso (rolPermisoID, rolID, permisoID, fechaInicio, fechaFinal) VALUES (55,3,17,SYSDATETIMEOFFSET()  AT TIME ZONE 'SA Pacific Standard Time',null);
INSERT INTO controlAcceso.RolPermiso (rolPermisoID, rolID, permisoID, fechaInicio, fechaFinal) VALUES (56,3,18,SYSDATETIMEOFFSET()  AT TIME ZONE 'SA Pacific Standard Time',null);
INSERT INTO controlAcceso.RolPermiso (rolPermisoID, rolID, permisoID, fechaInicio, fechaFinal) VALUES (57,3,19,SYSDATETIMEOFFSET()  AT TIME ZONE 'SA Pacific Standard Time',null);

INSERT INTO controlAcceso.RolPermiso (rolPermisoID, rolID, permisoID, fechaInicio, fechaFinal) VALUES (58,4,1,SYSDATETIMEOFFSET()  AT TIME ZONE 'SA Pacific Standard Time',null);
INSERT INTO controlAcceso.RolPermiso (rolPermisoID, rolID, permisoID, fechaInicio, fechaFinal) VALUES (59,4,2,SYSDATETIMEOFFSET()  AT TIME ZONE 'SA Pacific Standard Time',null);
INSERT INTO controlAcceso.RolPermiso (rolPermisoID, rolID, permisoID, fechaInicio, fechaFinal) VALUES (60,4,3,SYSDATETIMEOFFSET()  AT TIME ZONE 'SA Pacific Standard Time',null);
INSERT INTO controlAcceso.RolPermiso (rolPermisoID, rolID, permisoID, fechaInicio, fechaFinal) VALUES (61,4,4,SYSDATETIMEOFFSET()  AT TIME ZONE 'SA Pacific Standard Time',null);
INSERT INTO controlAcceso.RolPermiso (rolPermisoID, rolID, permisoID, fechaInicio, fechaFinal) VALUES (62,4,5,SYSDATETIMEOFFSET()  AT TIME ZONE 'SA Pacific Standard Time',null);
INSERT INTO controlAcceso.RolPermiso (rolPermisoID, rolID, permisoID, fechaInicio, fechaFinal) VALUES (63,4,6,SYSDATETIMEOFFSET()  AT TIME ZONE 'SA Pacific Standard Time',null);
INSERT INTO controlAcceso.RolPermiso (rolPermisoID, rolID, permisoID, fechaInicio, fechaFinal) VALUES (64,4,7,SYSDATETIMEOFFSET()  AT TIME ZONE 'SA Pacific Standard Time',null);
INSERT INTO controlAcceso.RolPermiso (rolPermisoID, rolID, permisoID, fechaInicio, fechaFinal) VALUES (65,4,8,SYSDATETIMEOFFSET()  AT TIME ZONE 'SA Pacific Standard Time',null);
INSERT INTO controlAcceso.RolPermiso (rolPermisoID, rolID, permisoID, fechaInicio, fechaFinal) VALUES (66,4,9,SYSDATETIMEOFFSET()  AT TIME ZONE 'SA Pacific Standard Time',null);
INSERT INTO controlAcceso.RolPermiso (rolPermisoID, rolID, permisoID, fechaInicio, fechaFinal) VALUES (67,4,10,SYSDATETIMEOFFSET()  AT TIME ZONE 'SA Pacific Standard Time',null);
INSERT INTO controlAcceso.RolPermiso (rolPermisoID, rolID, permisoID, fechaInicio, fechaFinal) VALUES (68,4,11,SYSDATETIMEOFFSET()  AT TIME ZONE 'SA Pacific Standard Time',null);
INSERT INTO controlAcceso.RolPermiso (rolPermisoID, rolID, permisoID, fechaInicio, fechaFinal) VALUES (69,4,12,SYSDATETIMEOFFSET()  AT TIME ZONE 'SA Pacific Standard Time',null);
INSERT INTO controlAcceso.RolPermiso (rolPermisoID, rolID, permisoID, fechaInicio, fechaFinal) VALUES (70,4,13,SYSDATETIMEOFFSET()  AT TIME ZONE 'SA Pacific Standard Time',null);
INSERT INTO controlAcceso.RolPermiso (rolPermisoID, rolID, permisoID, fechaInicio, fechaFinal) VALUES (71,4,14,SYSDATETIMEOFFSET()  AT TIME ZONE 'SA Pacific Standard Time',null);
INSERT INTO controlAcceso.RolPermiso (rolPermisoID, rolID, permisoID, fechaInicio, fechaFinal) VALUES (72,4,15,SYSDATETIMEOFFSET()  AT TIME ZONE 'SA Pacific Standard Time',null);
INSERT INTO controlAcceso.RolPermiso (rolPermisoID, rolID, permisoID, fechaInicio, fechaFinal) VALUES (73,4,16,SYSDATETIMEOFFSET()  AT TIME ZONE 'SA Pacific Standard Time',null);
INSERT INTO controlAcceso.RolPermiso (rolPermisoID, rolID, permisoID, fechaInicio, fechaFinal) VALUES (74,4,17,SYSDATETIMEOFFSET()  AT TIME ZONE 'SA Pacific Standard Time',null);
INSERT INTO controlAcceso.RolPermiso (rolPermisoID, rolID, permisoID, fechaInicio, fechaFinal) VALUES (75,4,18,SYSDATETIMEOFFSET()  AT TIME ZONE 'SA Pacific Standard Time',null);
INSERT INTO controlAcceso.RolPermiso (rolPermisoID, rolID, permisoID, fechaInicio, fechaFinal) VALUES (76,4,19,SYSDATETIMEOFFSET()  AT TIME ZONE 'SA Pacific Standard Time',null);

INSERT INTO controlAcceso.RolPermiso (rolPermisoID, rolID, permisoID, fechaInicio, fechaFinal) VALUES (77,5,2,SYSDATETIMEOFFSET()  AT TIME ZONE 'SA Pacific Standard Time',null);
INSERT INTO controlAcceso.RolPermiso (rolPermisoID, rolID, permisoID, fechaInicio, fechaFinal) VALUES (78,5,4,SYSDATETIMEOFFSET()  AT TIME ZONE 'SA Pacific Standard Time',null);
INSERT INTO controlAcceso.RolPermiso (rolPermisoID, rolID, permisoID, fechaInicio, fechaFinal) VALUES (79,5,6,SYSDATETIMEOFFSET()  AT TIME ZONE 'SA Pacific Standard Time',null);
INSERT INTO controlAcceso.RolPermiso (rolPermisoID, rolID, permisoID, fechaInicio, fechaFinal) VALUES (80,5,8,SYSDATETIMEOFFSET()  AT TIME ZONE 'SA Pacific Standard Time',null);
INSERT INTO controlAcceso.RolPermiso (rolPermisoID, rolID, permisoID, fechaInicio, fechaFinal) VALUES (81,5,10,SYSDATETIMEOFFSET()  AT TIME ZONE 'SA Pacific Standard Time',null);
INSERT INTO controlAcceso.RolPermiso (rolPermisoID, rolID, permisoID, fechaInicio, fechaFinal) VALUES (82,5,12,SYSDATETIMEOFFSET()  AT TIME ZONE 'SA Pacific Standard Time',null);
INSERT INTO controlAcceso.RolPermiso (rolPermisoID, rolID, permisoID, fechaInicio, fechaFinal) VALUES (83,5,14,SYSDATETIMEOFFSET()  AT TIME ZONE 'SA Pacific Standard Time',null);
INSERT INTO controlAcceso.RolPermiso (rolPermisoID, rolID, permisoID, fechaInicio, fechaFinal) VALUES (84,5,16,SYSDATETIMEOFFSET()  AT TIME ZONE 'SA Pacific Standard Time',null);
INSERT INTO controlAcceso.RolPermiso (rolPermisoID, rolID, permisoID, fechaInicio, fechaFinal) VALUES (85,5,18,SYSDATETIMEOFFSET()  AT TIME ZONE 'SA Pacific Standard Time',null);

INSERT INTO controlAcceso.RolPermiso (rolPermisoID, rolID, permisoID, fechaInicio, fechaFinal) VALUES (86,6,2,SYSDATETIMEOFFSET()  AT TIME ZONE 'SA Pacific Standard Time',null);
INSERT INTO controlAcceso.RolPermiso (rolPermisoID, rolID, permisoID, fechaInicio, fechaFinal) VALUES (87,6,4,SYSDATETIMEOFFSET()  AT TIME ZONE 'SA Pacific Standard Time',null);
INSERT INTO controlAcceso.RolPermiso (rolPermisoID, rolID, permisoID, fechaInicio, fechaFinal) VALUES (88,6,6,SYSDATETIMEOFFSET()  AT TIME ZONE 'SA Pacific Standard Time',null);
INSERT INTO controlAcceso.RolPermiso (rolPermisoID, rolID, permisoID, fechaInicio, fechaFinal) VALUES (89,6,8,SYSDATETIMEOFFSET()  AT TIME ZONE 'SA Pacific Standard Time',null);
INSERT INTO controlAcceso.RolPermiso (rolPermisoID, rolID, permisoID, fechaInicio, fechaFinal) VALUES (90,6,10,SYSDATETIMEOFFSET()  AT TIME ZONE 'SA Pacific Standard Time',null);
INSERT INTO controlAcceso.RolPermiso (rolPermisoID, rolID, permisoID, fechaInicio, fechaFinal) VALUES (91,6,12,SYSDATETIMEOFFSET()  AT TIME ZONE 'SA Pacific Standard Time',null);
INSERT INTO controlAcceso.RolPermiso (rolPermisoID, rolID, permisoID, fechaInicio, fechaFinal) VALUES (92,6,14,SYSDATETIMEOFFSET()  AT TIME ZONE 'SA Pacific Standard Time',null);
INSERT INTO controlAcceso.RolPermiso (rolPermisoID, rolID, permisoID, fechaInicio, fechaFinal) VALUES (93,6,16,SYSDATETIMEOFFSET()  AT TIME ZONE 'SA Pacific Standard Time',null);
INSERT INTO controlAcceso.RolPermiso (rolPermisoID, rolID, permisoID, fechaInicio, fechaFinal) VALUES (94,6,18,SYSDATETIMEOFFSET()  AT TIME ZONE 'SA Pacific Standard Time',null);

SET IDENTITY_INSERT controlAcceso.RolPermiso OFF

